Customer_ID,Transaction_Count,Login_Count,Support_Tickets,Balance_Trend,Loan_Applications,Subscription_Status,Churned
CUST-0001,39,5,4,-5.212022392023371,4,Active,0
CUST-0002,29,4,3,-7.520286101327727,2,Cancelled,0
CUST-0003,15,24,5,-16.16318209993223,4,Active,0
CUST-0004,43,6,2,-17.39241915610564,2,Active,1
CUST-0005,8,2,8,0.8743090472648518,3,Active,1
CUST-0006,21,20,4,-26.54301556949814,0,Active,0
CUST-0007,39,28,2,-20.528627627544584,0,Active,0
CUST-0008,19,11,0,-0.7020507264764078,4,Active,0
CUST-0009,23,4,9,-8.067176650943033,0,Active,0
CUST-0010,11,15,5,-24.880471658656546,3,Cancelled,1
CUST-0011,11,6,1,5.285424571282405,4,Active,0
CUST-0012,24,22,2,-14.262086137456338,2,Cancelled,1
CUST-0013,36,17,0,3.1147350128869107,0,Active,0
CUST-0014,40,24,8,1.508520621108346,1,Active,1
CUST-0015,24,6,7,-5.022982141130878,0,Active,0
CUST-0016,3,19,1,-10.220754748196281,2,Active,1
CUST-0017,22,25,7,9.182033615270278,4,Cancelled,0
CUST-0018,2,2,8,-24.20139710480732,2,Active,0
CUST-0019,24,15,0,-0.9937708979554074,1,Active,0
CUST-0020,44,11,4,-22.35237194140844,3,Active,0
CUST-0021,30,8,7,-16.469475786706063,0,Active,1
CUST-0022,38,26,1,-17.65205026507219,4,Active,1
CUST-0023,2,19,3,7.881439509548919,3,Cancelled,1
CUST-0024,21,13,6,8.694247111531006,2,Cancelled,0
CUST-0025,33,12,2,-22.679382230610912,4,Active,1
CUST-0026,12,5,4,-29.118593588099834,3,Active,0
CUST-0027,22,6,7,-1.1996784134754748,4,Active,0
CUST-0028,44,26,9,-13.280402645180626,1,Active,0
CUST-0029,25,22,2,-26.446390196497426,1,Active,0
CUST-0030,49,4,3,-2.649835776918298,0,Active,0
CUST-0031,27,19,8,-8.195778869572013,0,Active,0
CUST-0032,42,20,6,9.22067288004424,1,Active,0
CUST-0033,28,1,0,-20.903620165544844,4,Active,1
CUST-0034,16,20,3,-13.840884946938068,1,Active,0
CUST-0035,15,17,3,-8.298167864183085,0,Active,0
CUST-0036,47,12,8,1.6679995381340653,1,Active,0
CUST-0037,44,15,5,-8.046453731197651,1,Cancelled,0
CUST-0038,3,1,8,-5.483993565522031,4,Active,0
CUST-0039,37,26,5,-20.95411793640237,3,Active,0
CUST-0040,7,14,5,3.876749123542396,0,Active,0
CUST-0041,21,6,4,-12.85477812118097,4,Cancelled,0
CUST-0042,9,5,4,-24.36161489912923,1,Active,0
CUST-0043,39,11,1,-3.4324834197833063,1,Active,1
CUST-0044,18,4,7,-21.3563818725877,3,Active,0
CUST-0045,4,13,7,-26.09749959042801,0,Cancelled,0
CUST-0046,25,11,0,4.47947633617089,0,Cancelled,1
CUST-0047,14,3,7,-11.593509420462414,2,Active,0
CUST-0048,9,1,4,-0.028651492168943804,0,Cancelled,0
CUST-0049,26,6,1,-18.376497607745797,3,Cancelled,1
CUST-0050,2,18,1,1.4788053967066546,2,Cancelled,0
CUST-0051,20,24,5,-25.522562919138785,2,Active,0
CUST-0052,28,10,8,-15.761065048205891,1,Active,0
CUST-0053,47,5,0,9.12247271894114,1,Active,0
CUST-0054,7,23,5,1.7595886547202433,0,Cancelled,0
CUST-0055,44,10,8,-10.109762787412471,2,Active,0
CUST-0056,8,12,7,-16.408901137524595,1,Active,0
CUST-0057,47,2,5,4.885428000899061,3,Active,0
CUST-0058,35,13,2,-8.206089636619375,1,Cancelled,0
CUST-0059,14,8,7,0.33700071476444293,1,Cancelled,0
CUST-0060,17,2,8,0.16430721264656256,2,Active,0
CUST-0061,36,20,0,-29.282172857260328,2,Cancelled,0
CUST-0062,40,1,8,-24.94984868829546,4,Active,0
CUST-0063,4,5,5,-3.6148253442103098,3,Cancelled,1
CUST-0064,2,9,5,-23.535207548565143,2,Active,0
CUST-0065,6,17,3,-19.78026621377581,0,Active,0
CUST-0066,42,9,0,7.865518167984284,3,Cancelled,0
CUST-0067,4,11,9,-7.592709665003525,3,Active,0
CUST-0068,29,15,7,0.02918027997388606,2,Cancelled,1
CUST-0069,18,24,1,-7.680770448694403,3,Active,0
CUST-0070,26,6,0,-7.89945540869099,2,Active,1
CUST-0071,44,23,1,-26.233923594972083,1,Active,0
CUST-0072,34,3,0,-16.253472295635877,4,Active,0
CUST-0073,10,17,0,-18.702764052539532,1,Active,0
CUST-0074,36,5,8,-14.37086537545547,2,Active,1
CUST-0075,14,28,0,1.9337675289731315,2,Active,0
CUST-0076,31,12,3,-15.122693283325406,1,Active,0
CUST-0077,48,18,9,-11.932127230732693,0,Cancelled,0
CUST-0078,15,14,5,-14.10474438058734,0,Cancelled,0
CUST-0079,8,21,6,-26.263681120988174,0,Active,1
CUST-0080,14,24,1,-12.357113669968651,2,Cancelled,0
CUST-0081,23,11,5,-22.175629078219398,3,Active,0
CUST-0082,40,9,6,-22.531068169078342,2,Active,1
CUST-0083,21,2,9,-26.238555822629344,3,Cancelled,0
CUST-0084,16,12,9,-15.73316103432941,1,Cancelled,1
CUST-0085,45,3,1,0.2992753915766926,4,Active,0
CUST-0086,18,3,1,-18.942332376664158,3,Cancelled,0
CUST-0087,47,1,9,-17.506035924579457,0,Active,1
CUST-0088,24,8,6,-4.293013693103056,2,Cancelled,0
CUST-0089,26,22,0,-22.166367496523243,1,Active,0
CUST-0090,25,28,7,5.878317216941376,0,Active,0
CUST-0091,45,29,2,-9.192379069937822,1,Active,0
CUST-0092,41,8,5,-12.09588238719132,4,Active,0
CUST-0093,29,11,8,-7.687192322831944,2,Active,1
CUST-0094,15,9,5,-23.35862746335218,2,Cancelled,0
CUST-0095,45,5,8,-5.461074454432946,4,Active,0
CUST-0096,1,14,6,-15.475970534639583,2,Active,1
CUST-0097,25,28,8,5.887453638584759,3,Active,0
CUST-0098,7,3,1,-23.245831732892555,1,Active,0
CUST-0099,9,21,7,-9.717955845382356,0,Active,0
CUST-0100,24,5,7,-6.075494825239282,4,Active,1
CUST-0101,1,5,1,-28.66465592854475,3,Active,0
CUST-0102,44,19,3,-15.452275009754391,0,Active,1
CUST-0103,8,27,6,-0.6945906119666887,0,Active,1
CUST-0104,24,14,3,2.815100297958935,4,Cancelled,0
CUST-0105,11,26,3,-17.473520207308706,3,Cancelled,0
CUST-0106,17,4,5,1.9437308953100505,0,Active,1
CUST-0107,8,25,9,8.710235084135554,0,Active,0
CUST-0108,35,13,5,4.274957443003764,3,Active,1
CUST-0109,35,10,9,-25.294240473626992,2,Active,1
CUST-0110,33,25,2,-0.4107867165783752,0,Active,0
CUST-0111,5,18,8,-17.21332670237821,1,Active,0
CUST-0112,42,8,9,9.536639576483061,3,Active,1
CUST-0113,39,8,1,-10.585640673604516,0,Active,1
CUST-0114,41,7,5,-25.10264406564236,4,Active,0
CUST-0115,28,8,6,-0.9925780789043692,1,Cancelled,0
CUST-0116,7,14,8,-17.079552064551446,0,Cancelled,0
CUST-0117,9,19,2,9.88312628326647,1,Active,0
CUST-0118,8,29,9,9.191298314180877,1,Active,0
CUST-0119,12,6,2,-3.7546392791767715,2,Cancelled,0
CUST-0120,34,1,6,-24.806942041931297,1,Cancelled,0
CUST-0121,33,23,3,-2.5255600929988375,2,Active,0
CUST-0122,48,15,7,-26.278780541598913,3,Active,0
CUST-0123,23,1,6,-28.825433635904307,2,Active,0
CUST-0124,24,25,4,2.9183378488594443,4,Active,0
CUST-0125,37,17,6,-21.609882092652747,0,Active,0
CUST-0126,35,1,2,-14.838914951236104,3,Active,0
CUST-0127,44,15,1,8.938295599046924,3,Active,0
CUST-0128,40,23,5,-16.52637992555587,4,Active,0
CUST-0129,22,2,1,-18.14040874866739,2,Cancelled,0
CUST-0130,27,14,2,6.7283199849110105,0,Active,1
CUST-0131,35,21,5,-25.570062187241675,2,Active,0
CUST-0132,1,8,4,0.38329640458527336,1,Active,1
CUST-0133,35,8,7,9.522622666110962,2,Active,0
CUST-0134,37,19,8,6.051840430985955,3,Cancelled,0
CUST-0135,47,7,2,-3.9332832517429637,0,Active,1
CUST-0136,14,19,9,-17.43756820029072,2,Active,0
CUST-0137,3,6,2,-19.82712075286733,0,Cancelled,0
CUST-0138,1,6,2,2.7702041948584437,0,Active,0
CUST-0139,5,3,5,5.192876558067809,1,Cancelled,0
CUST-0140,26,7,0,-8.982603498172285,1,Active,0
CUST-0141,14,19,6,-20.226402368541354,3,Active,0
CUST-0142,39,8,0,-25.482271663553057,4,Active,0
CUST-0143,27,10,4,-26.512821286726755,0,Active,0
CUST-0144,9,20,9,-1.2369021058457754,4,Cancelled,1
CUST-0145,15,15,7,-13.195250886091003,3,Cancelled,0
CUST-0146,15,15,3,6.214394971114814,0,Active,0
CUST-0147,26,29,4,-0.413147970929451,0,Active,1
CUST-0148,42,1,3,-22.349583283416532,4,Cancelled,0
CUST-0149,13,20,3,-5.448903247372037,2,Cancelled,0
CUST-0150,32,7,7,-12.579781824073628,1,Active,0
CUST-0151,39,27,1,-6.910010769255479,2,Active,0
CUST-0152,49,4,0,-0.4772350664593148,4,Active,0
CUST-0153,32,29,2,2.2478352401516304,1,Cancelled,1
CUST-0154,4,6,8,3.7494930562689746,2,Active,1
CUST-0155,30,25,3,-19.84100501711901,1,Active,0
CUST-0156,37,1,9,-28.75537600330569,0,Cancelled,0
CUST-0157,23,29,4,-0.42821059340907297,2,Active,0
CUST-0158,39,5,1,-25.746250949769017,1,Active,0
CUST-0159,45,27,3,-17.403216455481292,1,Active,1
CUST-0160,15,23,1,-29.847314635026116,1,Active,0
CUST-0161,43,1,1,-2.7332207039351957,2,Active,0
CUST-0162,29,4,3,-23.31471954115115,3,Active,1
CUST-0163,36,22,5,-3.7887036123336735,2,Active,0
CUST-0164,13,2,6,9.669704686713551,4,Active,0
CUST-0165,32,10,9,-27.09316513559935,2,Cancelled,0
CUST-0166,7,5,2,-26.916879521941574,1,Cancelled,1
CUST-0167,22,27,2,-16.384796293333004,0,Active,0
CUST-0168,28,10,9,4.655460570053684,2,Active,1
CUST-0169,2,1,5,-21.378805248346726,2,Active,0
CUST-0170,42,22,2,-15.584887202786097,1,Active,1
CUST-0171,45,6,1,-27.259783734920816,0,Active,1
CUST-0172,6,13,7,0.5262116503555738,0,Active,0
CUST-0173,28,15,4,-13.667746289621956,4,Active,0
CUST-0174,28,4,0,0.3699493224337118,2,Active,0
CUST-0175,44,13,2,6.144313773871801,0,Active,0
CUST-0176,44,24,9,-20.68947411594845,0,Active,0
CUST-0177,20,20,7,2.2958412135980524,3,Active,0
CUST-0178,30,24,3,-27.63624439686987,3,Active,0
CUST-0179,11,15,6,5.953895527209895,0,Active,0
CUST-0180,28,29,9,-3.969258097650105,4,Cancelled,0
CUST-0181,25,8,1,4.969068965534063,0,Cancelled,0
CUST-0182,39,5,6,-29.992464017736722,1,Active,0
CUST-0183,33,29,4,-23.2367571857603,2,Active,1
CUST-0184,1,15,4,-14.409624502940318,4,Active,0
CUST-0185,27,4,5,-14.819883865011256,1,Active,0
CUST-0186,13,12,8,-20.930784683059574,4,Active,1
CUST-0187,41,13,5,-14.735522405311997,1,Cancelled,0
CUST-0188,3,2,7,-24.846051519989807,2,Active,1
CUST-0189,39,27,6,-13.489554829358958,2,Cancelled,0
CUST-0190,6,19,8,2.0941731663705667,3,Active,0
CUST-0191,8,19,3,-10.837197475865953,1,Active,0
CUST-0192,27,4,1,-29.2799964421914,3,Cancelled,0
CUST-0193,9,4,6,-13.142238336830104,1,Active,0
CUST-0194,37,26,5,-28.912999356366235,3,Active,0
CUST-0195,33,11,0,8.649736428271929,2,Active,0
CUST-0196,42,27,8,-24.90184162308524,4,Active,0
CUST-0197,44,5,8,-1.6924669467752516,3,Cancelled,0
CUST-0198,24,20,1,8.911052915683435,1,Active,0
CUST-0199,15,11,2,3.041562066662877,1,Cancelled,0
CUST-0200,32,10,4,-2.027384994951852,2,Cancelled,0
CUST-0201,32,8,4,3.5784363800306735,1,Cancelled,1
CUST-0202,24,6,0,9.271947730425104,0,Active,0
CUST-0203,41,6,7,-5.146220109858817,4,Active,1
CUST-0204,49,8,7,-7.63260772682694,3,Cancelled,1
CUST-0205,49,23,3,-4.870475581468746,4,Active,0
CUST-0206,12,15,6,-8.6929645295378,2,Active,0
CUST-0207,39,26,9,-4.596435763611247,3,Active,0
CUST-0208,2,14,2,-12.006311681097628,3,Active,0
CUST-0209,3,11,5,-21.262272684667714,0,Active,0
CUST-0210,49,12,9,-25.190110939532975,2,Active,0
CUST-0211,37,26,9,-27.266362578709582,1,Active,0
CUST-0212,49,13,8,-19.467368649871997,0,Cancelled,0
CUST-0213,17,8,0,-28.155057426570647,0,Active,0
CUST-0214,49,18,4,-7.313168803224578,4,Cancelled,0
CUST-0215,2,25,3,-18.64686211905919,4,Active,1
CUST-0216,2,1,7,2.9813923234812876,4,Cancelled,0
CUST-0217,28,15,0,-27.03036508046454,0,Active,0
CUST-0218,23,8,8,-20.94594022634056,1,Cancelled,0
CUST-0219,37,28,5,-0.790154116394163,3,Active,0
CUST-0220,32,11,3,-6.047668144660342,4,Cancelled,0
CUST-0221,33,12,8,-27.4203491500333,1,Active,0
CUST-0222,1,12,4,5.08957828648802,2,Cancelled,0
CUST-0223,19,4,4,5.09047051304718,4,Cancelled,0
CUST-0224,2,16,4,-16.783679844969047,3,Active,1
CUST-0225,44,4,0,-16.38376626601741,2,Active,1
CUST-0226,26,5,0,9.561134334006958,2,Cancelled,0
CUST-0227,32,24,7,-4.952953136274473,3,Active,0
CUST-0228,6,5,7,-8.747339177277635,4,Cancelled,0
CUST-0229,32,8,5,3.526087342076977,0,Active,0
CUST-0230,4,10,3,-18.588386465707345,3,Active,0
CUST-0231,11,17,1,-12.832696264145724,3,Cancelled,0
CUST-0232,17,28,1,-19.288932980466633,3,Active,1
CUST-0233,38,26,8,1.566433863549257,2,Cancelled,0
CUST-0234,24,9,4,-7.066026174591279,1,Active,0
CUST-0235,5,22,3,-3.64699719439718,0,Active,0
CUST-0236,34,19,9,-19.907710006423738,4,Active,0
CUST-0237,6,29,0,-21.190987944907395,4,Active,0
CUST-0238,22,14,6,-10.46501484068245,1,Active,1
CUST-0239,11,8,2,-0.49737003628692733,3,Active,0
CUST-0240,48,9,5,-8.990409699193592,0,Active,0
CUST-0241,16,22,4,-28.694172898173257,4,Active,0
CUST-0242,33,11,4,4.742060252811548,4,Cancelled,0
CUST-0243,9,23,4,-27.412524259394736,3,Active,0
CUST-0244,6,1,0,8.232979348830092,1,Active,0
CUST-0245,16,14,0,-28.99432166890909,0,Active,0
CUST-0246,29,5,2,-2.2219817547716474,1,Active,1
CUST-0247,3,21,9,-26.711717451528735,1,Cancelled,0
CUST-0248,20,26,3,6.427063177405586,0,Active,0
CUST-0249,36,14,4,-11.422670550978289,0,Active,0
CUST-0250,19,4,1,-24.499049007319385,4,Active,1
CUST-0251,26,22,7,-16.367372008406136,4,Active,0
CUST-0252,3,23,1,-23.40701298612952,0,Cancelled,0
CUST-0253,19,25,8,-23.1767235377164,2,Active,0
CUST-0254,20,1,1,7.9243328068576915,4,Cancelled,0
CUST-0255,32,22,8,-12.190155508608473,2,Active,0
CUST-0256,7,23,6,1.552090556214381,0,Active,1
CUST-0257,41,19,7,-4.415777552892727,4,Cancelled,0
CUST-0258,33,8,1,-2.9429455064643086,1,Active,0
CUST-0259,40,15,6,-24.73226246111846,0,Active,0
CUST-0260,39,21,5,-20.63262212738057,3,Active,1
CUST-0261,18,15,3,1.470013406177479,2,Active,0
CUST-0262,40,9,6,8.830648258991317,0,Active,0
CUST-0263,1,21,3,-19.49297429605393,0,Active,0
CUST-0264,11,9,1,-19.137249409958407,4,Active,0
CUST-0265,28,10,9,-11.084114687563805,4,Active,0
CUST-0266,25,20,6,9.353612514217517,4,Active,0
CUST-0267,23,25,7,-19.24164216694116,3,Active,0
CUST-0268,31,21,1,-13.721123614629445,4,Active,0
CUST-0269,30,26,4,5.659200624940269,0,Active,0
CUST-0270,42,9,0,-29.883158695145518,4,Cancelled,0
CUST-0271,35,3,6,-28.409361400457218,1,Active,0
CUST-0272,7,20,7,-5.83713291715123,4,Cancelled,1
CUST-0273,16,25,5,6.295206588513878,3,Active,1
CUST-0274,26,26,4,-20.445733583922895,1,Active,1
CUST-0275,48,11,5,-11.214329012771639,0,Active,1
CUST-0276,49,6,1,-11.98138793368727,0,Active,0
CUST-0277,2,2,0,-11.081146156179592,2,Active,0
CUST-0278,1,7,6,-5.0992121708101905,1,Active,0
CUST-0279,48,18,6,-11.21024948037265,2,Active,0
CUST-0280,12,27,9,-12.101274347101686,1,Cancelled,0
CUST-0281,5,2,9,-11.02846318274958,1,Active,0
CUST-0282,37,27,1,-6.365302349158341,3,Active,1
CUST-0283,32,17,1,-8.519700465945665,2,Cancelled,0
CUST-0284,9,11,0,4.165439906020168,3,Active,0
CUST-0285,41,27,9,-28.020125860253337,1,Active,1
CUST-0286,35,12,7,3.3326828589204993,0,Active,0
CUST-0287,19,27,7,3.75698450446896,1,Cancelled,0
CUST-0288,48,19,0,-18.603679138761567,3,Cancelled,1
CUST-0289,16,22,7,-11.485921799365975,2,Active,0
CUST-0290,3,24,8,-12.458460458502579,2,Active,0
CUST-0291,20,25,3,-21.259606625834788,3,Cancelled,0
CUST-0292,24,7,0,-14.128126116547342,2,Active,0
CUST-0293,33,20,0,-28.224489113165824,4,Active,1
CUST-0294,24,6,2,-18.887117088730623,0,Active,0
CUST-0295,11,21,4,2.6672870180287234,0,Active,0
CUST-0296,49,24,4,-18.6175079294841,0,Active,0
CUST-0297,8,1,8,2.728266749929901,2,Active,0
CUST-0298,36,17,9,-8.736021415822766,2,Active,1
CUST-0299,38,29,1,5.194507094446401,1,Active,0
CUST-0300,40,11,1,-7.008817829423393,1,Cancelled,0
CUST-0301,20,22,5,-28.813271077410405,0,Active,0
CUST-0302,35,26,8,-2.983191698116432,4,Active,0
CUST-0303,48,28,0,-28.205857279057255,1,Active,1
CUST-0304,25,18,8,-11.976119240674642,1,Active,0
CUST-0305,35,21,8,7.17706777892456,2,Active,0
CUST-0306,25,17,8,-23.391842426485994,4,Active,0
CUST-0307,29,7,4,-14.405105882338237,0,Cancelled,1
CUST-0308,18,17,8,-0.8055876460608644,1,Cancelled,0
CUST-0309,46,20,3,5.290342243793901,4,Active,1
CUST-0310,18,9,1,-3.162279810299683,4,Active,0
CUST-0311,2,17,5,-19.67306983235323,0,Active,1
CUST-0312,35,20,3,-3.0156858833513525,4,Cancelled,0
CUST-0313,16,22,5,-18.1308943558364,4,Cancelled,0
CUST-0314,41,22,2,-1.262830807250591,4,Active,0
CUST-0315,36,28,5,8.161325103401623,1,Active,0
CUST-0316,33,29,1,-1.144261955748469,0,Cancelled,1
CUST-0317,4,8,1,4.515220116496494,4,Active,1
CUST-0318,33,17,8,-29.915846272964664,4,Active,0
CUST-0319,14,7,6,-1.2971150107362241,1,Active,0
CUST-0320,21,1,2,3.1835022746100137,0,Active,0
CUST-0321,48,13,0,-28.377650498212745,2,Cancelled,1
CUST-0322,20,23,7,4.863909091529223,1,Cancelled,0
CUST-0323,8,19,5,-19.732230867598165,0,Active,0
CUST-0324,7,27,6,-3.3883159208777904,4,Active,0
CUST-0325,3,24,8,2.014195160936268,0,Active,0
CUST-0326,17,19,4,-3.493419477625782,0,Active,0
CUST-0327,33,29,0,-26.308608317069712,0,Active,0
CUST-0328,48,17,9,-6.147139245585265,2,Active,0
CUST-0329,12,13,6,-8.016653731114257,0,Active,1
CUST-0330,22,29,4,6.01285072297086,2,Active,0
CUST-0331,22,16,2,-13.830410814231634,4,Active,0
CUST-0332,46,8,8,-17.156756116517997,2,Active,0
CUST-0333,30,19,0,-0.005969422541348024,4,Active,1
CUST-0334,38,18,0,-13.492986956664133,4,Active,0
CUST-0335,38,1,0,-4.156152999797481,2,Cancelled,0
CUST-0336,45,14,2,-4.14199639501572,1,Active,0
CUST-0337,8,19,5,5.521562574404712,3,Active,0
CUST-0338,27,15,9,-6.052303907236105,0,Cancelled,0
CUST-0339,27,18,2,-9.913855601520524,3,Cancelled,1
CUST-0340,34,2,7,-24.44514694413932,0,Active,1
CUST-0341,21,22,9,-25.370495732851786,0,Cancelled,0
CUST-0342,30,28,1,-23.827137388676825,4,Active,0
CUST-0343,33,17,8,-23.12606074691622,0,Active,1
CUST-0344,28,18,2,-4.484916293454646,0,Active,0
CUST-0345,47,6,4,-0.36074998901685973,2,Active,1
CUST-0346,33,19,9,-8.800339082943253,3,Active,0
CUST-0347,5,4,7,3.1607093018196437,2,Active,1
CUST-0348,48,1,1,9.650529069345325,0,Active,1
CUST-0349,19,8,5,2.8005051647742434,4,Active,1
CUST-0350,4,29,4,-2.204705052961632,2,Active,0
CUST-0351,35,23,9,-8.700292022514134,2,Active,0
CUST-0352,49,7,8,-12.045877133011672,1,Active,1
CUST-0353,17,3,4,-26.624304778218306,0,Cancelled,0
CUST-0354,44,10,1,-14.025250064212361,4,Cancelled,0
CUST-0355,28,10,4,6.405385471285371,2,Cancelled,0
CUST-0356,30,19,3,2.3209051962621174,2,Active,1
CUST-0357,29,14,6,-21.35794539953251,4,Cancelled,1
CUST-0358,46,2,5,-11.335688612111365,0,Active,0
CUST-0359,6,28,1,2.6689281023417806,1,Active,1
CUST-0360,35,1,4,-27.3046178085791,2,Active,0
CUST-0361,41,23,6,-14.504296573253628,1,Active,0
CUST-0362,37,23,6,4.073649474957904,3,Active,0
CUST-0363,24,28,4,-13.844085433195051,0,Active,0
CUST-0364,29,18,8,-26.895414210742366,3,Cancelled,0
CUST-0365,49,7,3,-8.29862525870994,3,Active,1
CUST-0366,46,29,2,4.469699796731817,3,Active,0
CUST-0367,31,8,3,-6.388578281873613,0,Cancelled,0
CUST-0368,35,1,4,-20.94883567143073,0,Active,1
CUST-0369,33,25,5,-14.630415194504746,4,Active,0
CUST-0370,21,23,2,-11.995065552722714,1,Active,1
CUST-0371,32,3,1,-6.829345847178928,1,Active,0
CUST-0372,23,24,3,0.3740410301045216,4,Active,1
CUST-0373,33,23,4,-26.045055294374585,4,Active,0
CUST-0374,3,27,3,5.586081320702654,3,Active,1
CUST-0375,18,29,2,-29.507611879356975,4,Active,0
CUST-0376,25,8,7,-15.19790661302979,2,Active,0
CUST-0377,42,22,9,-28.903187601093695,1,Active,1
CUST-0378,31,25,3,-14.28103098618835,4,Active,0
CUST-0379,3,15,1,-8.967496045067051,2,Cancelled,0
CUST-0380,40,5,1,-9.532744536739528,2,Active,0
CUST-0381,46,3,0,-23.374866118869384,2,Active,0
CUST-0382,24,19,3,-4.170379596175508,2,Active,0
CUST-0383,32,1,9,-28.20886197981327,3,Active,0
CUST-0384,47,28,8,0.47627280529661675,2,Active,0
CUST-0385,22,15,6,7.865777359741848,3,Active,0
CUST-0386,23,8,9,-16.409246913955286,3,Cancelled,0
CUST-0387,2,2,6,-9.310424731426721,2,Cancelled,0
CUST-0388,27,3,6,-14.843588877647424,1,Active,0
CUST-0389,42,24,7,-29.7315843878376,2,Cancelled,0
CUST-0390,2,14,0,-14.565019884195362,2,Active,0
CUST-0391,26,24,9,1.6688103704538584,2,Active,1
CUST-0392,17,14,9,-6.160446312660728,1,Active,0
CUST-0393,40,11,7,-25.949603415393643,0,Active,0
CUST-0394,33,16,3,3.885579587751401,0,Cancelled,0
CUST-0395,9,4,3,-8.756586204590285,3,Active,0
CUST-0396,43,20,3,3.6689344697870467,3,Active,0
CUST-0397,48,5,5,-6.7911392485988245,1,Cancelled,0
CUST-0398,39,22,6,-7.612462206482405,4,Active,0
CUST-0399,29,21,5,-25.789632592119503,0,Active,0
CUST-0400,42,14,0,-23.305610674454883,3,Active,0
CUST-0401,26,23,7,8.881010259863643,0,Cancelled,0
CUST-0402,35,16,9,-20.86053012980917,1,Cancelled,0
CUST-0403,25,18,6,9.098084719614718,1,Active,0
CUST-0404,24,7,5,-8.723491739029466,4,Active,1
CUST-0405,13,10,5,-24.568438117442515,4,Active,0
CUST-0406,7,7,4,-26.027911889852284,1,Cancelled,0
CUST-0407,36,1,5,-21.6454371717704,3,Active,1
CUST-0408,45,23,8,7.0254932010134326,0,Active,0
CUST-0409,20,21,9,-13.433991026870927,2,Cancelled,0
CUST-0410,1,19,8,-14.182629280283425,4,Active,1
CUST-0411,8,16,9,-17.47174955719304,2,Active,1
CUST-0412,46,29,7,-24.117525977336463,3,Active,0
CUST-0413,16,19,9,-10.485952112303742,4,Cancelled,0
CUST-0414,14,4,8,-24.79808869955445,2,Active,0
CUST-0415,12,29,9,3.4192094552931067,3,Active,1
CUST-0416,23,28,7,-15.18412054898774,0,Active,0
CUST-0417,15,18,7,-15.007857288728147,3,Active,0
CUST-0418,28,2,0,-11.039742860673766,4,Active,1
CUST-0419,34,1,9,-12.234891473369935,1,Active,0
CUST-0420,2,15,4,9.79431892237286,0,Cancelled,0
CUST-0421,32,5,3,-8.1847551512679,2,Active,0
CUST-0422,23,20,1,-26.471931848405173,4,Active,0
CUST-0423,22,11,7,-5.7249063369228,1,Active,1
CUST-0424,25,10,2,-23.9366282852048,3,Active,0
CUST-0425,22,2,3,-28.762494210746322,1,Cancelled,1
CUST-0426,22,3,6,8.829686147089923,4,Active,0
CUST-0427,49,23,9,0.9415556613825551,4,Active,0
CUST-0428,42,23,8,9.204359696550675,1,Active,1
CUST-0429,6,12,1,-10.884862079110302,3,Active,0
CUST-0430,15,20,2,-8.709698754040957,1,Active,0
CUST-0431,43,5,3,-23.266521763234792,4,Active,0
CUST-0432,37,5,9,-20.123702933296578,4,Cancelled,1
CUST-0433,33,6,0,3.5419685961131293,2,Cancelled,0
CUST-0434,8,9,6,-15.752574115296234,2,Active,0
CUST-0435,44,2,1,3.0725989518567616,0,Cancelled,0
CUST-0436,44,21,4,-1.639451028518728,4,Active,0
CUST-0437,5,12,0,-22.91316298912538,2,Active,1
CUST-0438,39,3,2,-9.702145355210313,1,Active,0
CUST-0439,4,20,1,-2.9045071392513258,3,Active,0
CUST-0440,6,26,0,-20.598511407846996,1,Active,0
CUST-0441,45,22,6,3.2275404208030736,3,Active,0
CUST-0442,32,12,4,-8.206893698192527,2,Active,1
CUST-0443,30,24,0,-23.390317982295873,0,Active,0
CUST-0444,47,17,5,-6.680622953415902,1,Active,1
CUST-0445,35,10,4,9.988552166236559,1,Cancelled,0
CUST-0446,40,24,2,-23.97914033346346,1,Active,0
CUST-0447,16,27,6,2.6702772047811223,3,Active,1
CUST-0448,13,14,9,-21.70763987249768,2,Active,0
CUST-0449,42,23,8,1.2955331784034918,1,Active,0
CUST-0450,30,17,8,-0.6168830751434697,1,Cancelled,1
CUST-0451,19,18,8,-17.980424575982706,0,Active,0
CUST-0452,17,19,1,-16.967075297422006,0,Active,0
CUST-0453,19,17,2,1.700855678516767,2,Cancelled,0
CUST-0454,28,14,6,-11.542179524507496,2,Active,0
CUST-0455,26,9,4,-0.7672788515276494,4,Active,0
CUST-0456,37,8,1,-24.08063410536661,0,Active,0
CUST-0457,26,2,2,4.102311276062139,4,Cancelled,0
CUST-0458,23,13,9,-1.564611332707237,3,Active,1
CUST-0459,9,25,5,6.277712353393355,4,Active,0
CUST-0460,12,7,6,-24.705104838601102,1,Active,0
CUST-0461,1,9,8,-6.279419985576094,4,Active,0
CUST-0462,1,22,0,-6.035176598386993,2,Active,0
CUST-0463,47,22,6,-15.861570378128702,3,Active,0
CUST-0464,34,11,7,-11.66134301722969,1,Active,1
CUST-0465,32,14,2,-28.480737468405863,4,Cancelled,0
CUST-0466,48,4,3,-0.1655984549195182,3,Cancelled,1
CUST-0467,25,26,9,-8.027100823873038,3,Active,1
CUST-0468,40,26,5,-27.690357925233048,1,Cancelled,0
CUST-0469,45,29,9,-2.769764281580578,4,Active,0
CUST-0470,1,13,6,-11.328716910752483,3,Active,0
CUST-0471,16,2,3,-28.621549623,3,Active,0
CUST-0472,39,23,7,8.784309073923815,0,Cancelled,1
CUST-0473,5,5,4,7.964485723577617,3,Cancelled,1
CUST-0474,22,11,0,-9.483903354112098,0,Active,0
CUST-0475,29,6,3,-26.25310317176359,4,Cancelled,0
CUST-0476,3,18,2,0.18484886394367095,4,Active,1
CUST-0477,12,21,8,-10.322755995770837,4,Cancelled,1
CUST-0478,26,10,7,-17.902100868424803,2,Cancelled,0
CUST-0479,16,4,0,-10.34327289885773,4,Active,0
CUST-0480,37,9,5,-9.10223418378142,3,Cancelled,0
CUST-0481,22,6,8,-7.491532039106431,1,Active,1
CUST-0482,29,2,6,-12.351051453786937,0,Active,0
CUST-0483,14,17,3,-5.769787874437732,2,Active,0
CUST-0484,28,5,0,6.749388424255095,4,Active,0
CUST-0485,5,25,1,-15.509276516056353,4,Cancelled,0
CUST-0486,47,6,4,-0.9713414712020381,1,Active,0
CUST-0487,49,26,4,5.778102272969285,1,Active,1
CUST-0488,30,12,7,-11.760828969602525,2,Cancelled,0
CUST-0489,46,23,5,-12.261766544723834,0,Cancelled,0
CUST-0490,5,21,7,-5.915320585808818,4,Active,0
CUST-0491,12,10,1,-6.343729623100476,2,Cancelled,0
CUST-0492,16,22,2,2.263573693051079,3,Active,0
CUST-0493,26,21,5,-10.940664648868292,3,Cancelled,0
CUST-0494,26,27,9,9.844917985577645,2,Active,0
CUST-0495,48,25,2,-27.62113724530877,4,Active,0
CUST-0496,21,6,5,-29.87328605677193,2,Active,0
CUST-0497,39,27,5,-4.392067537615048,4,Active,0
CUST-0498,36,8,1,-18.062603505524933,1,Active,1
CUST-0499,33,2,6,-20.38470445202065,2,Active,1
CUST-0500,30,12,1,-17.52403679982878,4,Active,0
CUST-0501,37,13,5,-19.758097395801826,2,Cancelled,0
CUST-0502,23,25,0,-28.768398013582086,2,Active,1
CUST-0503,10,21,2,8.861321695623545,4,Active,0
CUST-0504,5,7,1,-21.17018046188873,4,Active,1
CUST-0505,36,10,6,-0.6388094964277471,0,Active,1
CUST-0506,34,13,3,0.5038557877670122,2,Cancelled,0
CUST-0507,31,17,7,7.1702959202891705,3,Cancelled,0
CUST-0508,10,26,5,-28.778021716264803,2,Active,1
CUST-0509,19,21,9,4.8819335378803075,2,Active,0
CUST-0510,32,28,3,-8.910952766407991,4,Cancelled,0
CUST-0511,1,26,4,-4.698235601366886,2,Active,0
CUST-0512,5,14,8,-4.221188915158653,2,Cancelled,0
CUST-0513,45,2,6,2.7919121993891025,3,Active,0
CUST-0514,4,28,9,-16.66370711363558,4,Cancelled,0
CUST-0515,16,22,8,-0.6779524056002657,2,Active,1
CUST-0516,24,11,6,-8.856875611112116,1,Active,0
CUST-0517,16,1,0,1.7357605722139091,0,Cancelled,0
CUST-0518,2,19,7,9.621841310805337,3,Active,0
CUST-0519,49,21,3,-21.97395930384955,2,Active,0
CUST-0520,28,4,2,9.785945662399918,1,Active,0
CUST-0521,32,19,6,-26.40751382868904,2,Active,1
CUST-0522,27,26,2,-29.907298083807447,2,Active,1
CUST-0523,20,29,7,-28.23352255288675,4,Active,0
CUST-0524,24,21,5,-16.328703810529532,4,Active,0
CUST-0525,12,11,4,-4.683746772862634,4,Active,0
CUST-0526,35,8,3,-27.238818364486015,1,Cancelled,0
CUST-0527,33,11,7,-29.77336741881731,2,Active,0
CUST-0528,33,4,7,7.483641138351793,0,Active,0
CUST-0529,43,17,0,2.8770654375971887,3,Active,1
CUST-0530,37,27,8,2.3673268455612444,4,Active,0
CUST-0531,12,7,4,5.376971020079083,4,Active,0
CUST-0532,3,8,3,-1.9986290891158234,2,Active,1
CUST-0533,1,3,5,-25.823834810076743,2,Active,0
CUST-0534,33,22,5,-14.035992477051078,1,Active,0
CUST-0535,40,2,1,-1.0740205414148178,1,Active,0
CUST-0536,10,23,7,-18.786621568339164,4,Active,0
CUST-0537,43,15,6,-2.5037454345504955,2,Active,1
CUST-0538,44,24,0,-29.020062069293907,0,Active,0
CUST-0539,29,22,4,-17.754506364816272,3,Active,1
CUST-0540,13,22,5,-8.034786548913093,2,Active,0
CUST-0541,12,5,3,-4.716406819750311,2,Cancelled,0
CUST-0542,31,24,1,-6.918373421523569,1,Active,1
CUST-0543,46,1,3,-2.0897489570628203,3,Active,0
CUST-0544,2,26,0,-29.756450070406437,4,Active,0
CUST-0545,35,4,6,-25.96235200089914,2,Active,0
CUST-0546,23,15,1,4.757770091165803,4,Active,0
CUST-0547,17,20,1,-2.730054236393549,2,Active,0
CUST-0548,26,19,8,-25.48273429255955,4,Cancelled,0
CUST-0549,8,3,4,3.6829774959431703,3,Active,0
CUST-0550,29,20,1,-20.310751287017325,1,Cancelled,0
CUST-0551,26,11,8,-10.869604632191063,3,Active,1
CUST-0552,10,17,8,-24.192139484613588,0,Active,0
CUST-0553,26,27,0,-1.5955977431317336,1,Active,1
CUST-0554,34,13,2,-3.3258231594292873,3,Active,0
CUST-0555,41,11,3,-21.55550115335455,0,Active,0
CUST-0556,7,2,6,4.53603067428007,2,Active,1
CUST-0557,4,9,9,-13.947759031211511,2,Active,0
CUST-0558,45,26,3,-18.299396357170327,4,Cancelled,0
CUST-0559,11,2,1,-23.906816421418583,1,Cancelled,0
CUST-0560,29,21,6,-19.353279499378502,2,Active,0
CUST-0561,36,9,5,-29.11892315104732,1,Active,0
CUST-0562,25,9,2,-6.669700301755377,2,Active,0
CUST-0563,21,8,5,3.689229853757915,4,Active,1
CUST-0564,36,17,5,-8.040782022334326,3,Active,0
CUST-0565,10,1,4,-21.22904152304497,4,Active,1
CUST-0566,37,25,3,-28.65323287144509,0,Active,1
CUST-0567,9,29,9,-21.414877069647886,2,Active,0
CUST-0568,24,11,0,-13.355142877156307,0,Cancelled,0
CUST-0569,35,8,9,0.3844571479918599,0,Active,1
CUST-0570,49,10,5,-22.486285898489037,1,Cancelled,1
CUST-0571,35,25,1,-1.2083418658125566,2,Active,0
CUST-0572,48,7,2,4.677338734075349,0,Active,0
CUST-0573,36,3,7,-11.842126075665718,3,Active,0
CUST-0574,18,3,9,2.8572796657037287,0,Active,0
CUST-0575,49,18,5,-7.8137060785961765,3,Active,0
CUST-0576,39,5,2,-4.516366516763803,1,Active,0
CUST-0577,32,12,6,-8.948861586471892,0,Active,0
CUST-0578,24,12,3,-11.473091329946328,4,Active,0
CUST-0579,23,19,8,-20.613862328966025,1,Active,0
CUST-0580,32,6,4,-17.872237621558156,3,Active,0
CUST-0581,37,2,2,-18.40119524225564,1,Active,0
CUST-0582,12,12,1,-7.468442761847413,0,Active,0
CUST-0583,49,19,1,-25.201852279044402,2,Active,0
CUST-0584,13,5,2,6.671667628093402,2,Active,0
CUST-0585,23,12,1,-1.173794188675469,3,Cancelled,0
CUST-0586,25,27,3,-13.942174763472256,3,Active,1
CUST-0587,35,27,1,-23.65503421894488,2,Cancelled,0
CUST-0588,41,17,9,5.279686788865433,3,Active,0
CUST-0589,30,29,8,2.9511236040466073,1,Active,0
CUST-0590,17,17,1,-1.1311378913128287,4,Active,1
CUST-0591,49,10,8,-19.138118103550305,4,Active,0
CUST-0592,20,25,5,-13.902134502653244,1,Active,0
CUST-0593,48,23,0,-25.890069901903065,4,Cancelled,0
CUST-0594,25,17,3,-22.43841901089873,0,Active,0
CUST-0595,22,15,0,1.3206654926693133,1,Active,0
CUST-0596,13,12,5,-1.3984512459726481,3,Active,0
CUST-0597,19,16,3,-6.260569480962612,1,Cancelled,0
CUST-0598,49,24,2,5.829069037046914,2,Active,0
CUST-0599,36,19,2,-6.669339287478184,3,Active,0
CUST-0600,12,8,8,-11.32128000145557,2,Active,0
CUST-0601,41,21,5,-16.385170147769493,3,Cancelled,1
CUST-0602,19,17,8,7.617940229446901,4,Cancelled,0
CUST-0603,12,23,4,-26.691381539025862,1,Active,1
CUST-0604,9,5,1,7.235494882432334,0,Cancelled,0
CUST-0605,7,22,7,3.068586397240736,3,Cancelled,0
CUST-0606,28,16,4,-24.80280301857195,3,Active,0
CUST-0607,14,6,1,-7.4006256929898555,2,Active,1
CUST-0608,31,8,3,4.661919269963477,4,Active,0
CUST-0609,19,25,8,-7.127633455713852,2,Cancelled,0
CUST-0610,47,18,3,6.287992862424893,2,Active,0
CUST-0611,16,25,3,7.719352672641698,4,Cancelled,0
CUST-0612,5,12,1,-13.104619112627766,0,Active,0
CUST-0613,35,15,5,-14.907453543747057,2,Cancelled,0
CUST-0614,12,27,1,7.45284615876627,2,Active,0
CUST-0615,25,26,6,-2.9943975540132755,3,Active,0
CUST-0616,21,9,2,-25.35909274607323,4,Cancelled,0
CUST-0617,36,13,2,-28.30833003109275,1,Cancelled,0
CUST-0618,23,26,4,-7.414837960109473,0,Cancelled,0
CUST-0619,16,15,2,7.206838617536981,0,Active,0
CUST-0620,39,10,1,3.7699480962327385,4,Active,0
CUST-0621,45,16,9,-2.966090141426541,3,Active,0
CUST-0622,42,7,8,-24.4353660443565,3,Active,1
CUST-0623,39,17,1,-19.830744650052175,4,Active,1
CUST-0624,14,23,1,5.020449062104646,3,Active,1
CUST-0625,31,26,7,-22.68771053372398,0,Active,0
CUST-0626,5,21,8,-18.86242366998262,0,Cancelled,0
CUST-0627,35,22,6,-24.815973952182322,1,Active,0
CUST-0628,23,26,2,-2.9556707434235534,4,Active,0
CUST-0629,29,7,8,7.7592922145283865,2,Active,0
CUST-0630,43,14,2,-19.24127873618456,2,Active,1
CUST-0631,11,15,4,-10.98373568599705,1,Active,1
CUST-0632,18,21,8,-4.626410411551831,1,Cancelled,1
CUST-0633,47,7,2,9.97864992862523,3,Cancelled,0
CUST-0634,12,9,6,-25.807677400097116,1,Cancelled,0
CUST-0635,9,19,0,-10.057168019771634,1,Cancelled,0
CUST-0636,10,16,3,-14.595195203899998,2,Active,0
CUST-0637,44,8,3,4.632806608894207,3,Active,0
CUST-0638,17,18,6,-10.961290759533764,1,Active,0
CUST-0639,38,27,7,-25.560899016594078,1,Active,0
CUST-0640,7,23,0,-4.6230341885366535,3,Active,0
CUST-0641,46,29,4,0.8312247305551921,4,Active,0
CUST-0642,13,18,6,-29.884749933375417,3,Active,1
CUST-0643,40,20,3,4.3582674168251785,2,Active,0
CUST-0644,42,7,3,-22.559079999773374,4,Active,1
CUST-0645,9,3,3,-7.917225413864884,0,Active,0
CUST-0646,27,18,5,-13.368099972501994,3,Active,0
CUST-0647,2,27,6,-1.2138473355787838,2,Active,0
CUST-0648,5,10,1,-15.153535408570328,4,Active,0
CUST-0649,29,7,4,4.790527067268428,3,Cancelled,1
CUST-0650,37,17,3,-0.7801455616483892,1,Active,0
CUST-0651,38,14,2,-4.09147315748314,3,Active,0
CUST-0652,19,24,6,1.8496238225141717,0,Cancelled,0
CUST-0653,8,3,5,0.16092139713529008,3,Active,1
CUST-0654,48,12,6,-28.56245300313787,4,Active,0
CUST-0655,45,28,4,-14.210625846206874,4,Active,1
CUST-0656,1,13,5,7.232291892659589,3,Active,0
CUST-0657,22,2,4,-24.97102924031095,4,Cancelled,0
CUST-0658,17,3,6,-0.5161379827179502,1,Cancelled,0
CUST-0659,7,5,1,8.983672453413185,3,Active,0
CUST-0660,25,11,4,-27.912054838201136,1,Active,0
CUST-0661,45,8,5,-2.7122447749355807,1,Active,1
CUST-0662,4,26,5,-11.273834347958783,2,Active,0
CUST-0663,36,23,4,-6.832989785011115,3,Active,0
CUST-0664,6,23,9,-26.586346540627005,4,Active,0
CUST-0665,31,12,6,-28.27972192532242,1,Active,0
CUST-0666,19,7,9,-3.325333577963132,2,Active,0
CUST-0667,44,15,7,2.9323771928287172,3,Active,0
CUST-0668,39,24,6,1.2806133973186888,3,Active,0
CUST-0669,27,17,4,-8.247770885350505,0,Active,0
CUST-0670,10,4,0,-26.005327154552873,0,Cancelled,0
CUST-0671,26,29,4,-2.4782222465594472,1,Active,0
CUST-0672,19,22,9,-20.324444657834164,0,Active,0
CUST-0673,39,25,1,6.442748110695348,1,Cancelled,0
CUST-0674,3,13,4,3.530614381828194,4,Active,0
CUST-0675,45,18,4,-1.6246813165043648,1,Active,1
CUST-0676,13,1,1,7.953838233245214,0,Active,1
CUST-0677,28,16,4,-28.74312713954908,4,Active,0
CUST-0678,20,13,3,-0.551982997569521,0,Active,0
CUST-0679,28,10,0,-16.790288826543787,1,Active,1
CUST-0680,8,12,2,6.2426354274546085,2,Active,1
CUST-0681,41,2,0,-19.332992133520897,3,Cancelled,1
CUST-0682,39,23,4,-1.0057400273993196,0,Active,0
CUST-0683,1,3,3,5.105880786031257,1,Active,0
CUST-0684,3,10,6,-28.333727264692705,4,Cancelled,1
CUST-0685,13,2,4,-14.094096816318554,0,Active,0
CUST-0686,28,27,9,0.49236128087754594,0,Cancelled,0
CUST-0687,49,23,3,-11.803244419696519,3,Active,0
CUST-0688,25,13,1,-19.30989480825619,1,Cancelled,0
CUST-0689,33,13,3,-21.2077860470724,2,Active,0
CUST-0690,38,18,1,-24.739269323344885,4,Cancelled,0
CUST-0691,6,3,7,4.285182394251294,1,Cancelled,0
CUST-0692,44,27,2,-6.985783869937762,4,Active,0
CUST-0693,45,7,8,-26.944602200341762,0,Active,0
CUST-0694,32,14,3,-14.696787057174582,3,Active,0
CUST-0695,45,20,5,-15.290653967795604,3,Active,0
CUST-0696,47,29,9,-22.730432371621482,2,Active,0
CUST-0697,21,17,4,-12.579694981112372,3,Active,1
CUST-0698,16,29,9,-16.71602538427454,0,Active,0
CUST-0699,21,21,0,-16.3278517803127,2,Active,0
CUST-0700,11,12,8,-0.4389376884816514,1,Active,0
CUST-0701,37,25,0,-21.069464579792147,3,Active,1
CUST-0702,36,16,7,-4.325601645785785,2,Active,0
CUST-0703,35,24,8,-7.174015044762605,0,Active,0
CUST-0704,19,12,8,-7.276299506485309,4,Active,0
CUST-0705,20,15,0,-3.4797061543289622,4,Active,0
CUST-0706,18,25,1,-8.064718552173844,0,Active,1
CUST-0707,47,10,0,5.170204593855388,0,Active,1
CUST-0708,41,25,9,-2.9767963219896068,4,Active,0
CUST-0709,49,7,1,-8.121469945144476,2,Cancelled,0
CUST-0710,14,20,9,3.190524811505796,4,Active,0
CUST-0711,15,5,7,-5.75413740266081,0,Active,0
CUST-0712,31,1,4,-18.35423008859284,3,Active,0
CUST-0713,1,17,6,-21.71620327293715,1,Cancelled,0
CUST-0714,3,3,1,-23.90688857349285,3,Cancelled,0
CUST-0715,16,13,7,5.978208501844065,3,Active,0
CUST-0716,23,14,5,-1.5945827280773663,0,Active,1
CUST-0717,11,24,7,7.495137526572833,4,Cancelled,0
CUST-0718,12,18,0,-5.868327771402278,2,Active,1
CUST-0719,10,4,0,-11.063964740203499,3,Active,0
CUST-0720,32,18,6,-27.611340441164426,4,Active,0
CUST-0721,16,5,7,-3.1343087381588077,2,Active,0
CUST-0722,8,25,2,-6.711649609270754,3,Cancelled,0
CUST-0723,38,16,4,9.608355743504859,2,Cancelled,0
CUST-0724,12,1,0,-20.43364888871028,4,Cancelled,0
CUST-0725,24,21,6,-8.770505788526567,1,Active,1
CUST-0726,28,14,4,-3.961706595277093,4,Cancelled,0
CUST-0727,8,15,7,-4.216353010306257,0,Active,0
CUST-0728,28,9,7,-7.548258282063891,2,Active,1
CUST-0729,36,15,8,1.0771204130890197,1,Cancelled,0
CUST-0730,26,17,6,-21.800751618927343,2,Active,0
CUST-0731,8,25,0,-0.9749119890233651,2,Active,0
CUST-0732,28,24,2,-5.210617142676433,3,Active,1
CUST-0733,28,4,7,5.843004471782933,0,Cancelled,1
CUST-0734,37,12,2,3.8877775613432703,2,Active,1
CUST-0735,41,27,7,-17.39411843469787,4,Active,0
CUST-0736,36,26,0,-18.950507000993877,4,Active,1
CUST-0737,27,5,4,9.266132954097912,3,Cancelled,0
CUST-0738,17,29,3,-8.90939276338974,0,Cancelled,0
CUST-0739,9,5,4,6.2568385565774705,0,Active,0
CUST-0740,33,11,7,-23.44475904878071,4,Active,0
CUST-0741,20,28,9,-4.287243407993028,1,Active,1
CUST-0742,13,6,3,2.3944074944234472,3,Cancelled,1
CUST-0743,28,7,3,7.895809983457873,3,Active,0
CUST-0744,48,24,2,-16.50639435931906,4,Cancelled,0
CUST-0745,29,14,6,-1.0007532030379025,4,Active,0
CUST-0746,13,24,2,-8.447479638415238,1,Cancelled,1
CUST-0747,46,11,2,-27.57484295734127,1,Cancelled,0
CUST-0748,35,13,9,-2.400010507642264,0,Active,0
CUST-0749,6,2,4,-2.3961376704862616,3,Cancelled,0
CUST-0750,18,25,4,7.224272193861481,3,Active,0
CUST-0751,5,7,5,-10.107502153241104,4,Active,0
CUST-0752,47,20,7,-20.789963171579412,0,Active,1
CUST-0753,25,4,9,-28.217447062052834,3,Cancelled,0
CUST-0754,2,27,5,-13.37431253256377,0,Active,0
CUST-0755,10,8,0,-17.923331996899925,0,Active,0
CUST-0756,30,20,7,0.4435322409550224,4,Active,0
CUST-0757,45,29,7,-15.829289406358136,0,Active,1
CUST-0758,5,22,8,7.962847852593754,1,Active,0
CUST-0759,33,21,8,8.492408119511367,1,Active,0
CUST-0760,1,19,1,-5.163656391291678,2,Cancelled,0
CUST-0761,18,13,1,7.146411480595319,4,Active,0
CUST-0762,32,14,2,0.43417378057982603,2,Active,0
CUST-0763,47,10,0,-8.125614360994952,1,Active,0
CUST-0764,49,11,3,-22.787682583088873,2,Active,0
CUST-0765,11,2,3,-11.6560822594464,4,Cancelled,0
CUST-0766,21,25,8,-7.565021465495295,4,Cancelled,0
CUST-0767,26,26,8,4.5584632294004095,0,Active,0
CUST-0768,25,9,8,-10.746664938573403,3,Cancelled,0
CUST-0769,22,17,9,5.906986907118267,0,Cancelled,0
CUST-0770,27,26,6,-3.0260408390612454,4,Cancelled,1
CUST-0771,49,3,1,-24.520037477853144,1,Active,1
CUST-0772,13,24,9,9.799254773003717,1,Cancelled,0
CUST-0773,33,6,4,-8.910693569843495,0,Active,0
CUST-0774,34,5,3,-14.325668143636845,4,Active,0
CUST-0775,41,5,7,-3.63544942121894,1,Active,0
CUST-0776,35,22,1,-25.644267440758437,4,Active,1
CUST-0777,1,15,5,-4.538454129865826,1,Active,0
CUST-0778,21,23,4,-10.070559980029081,4,Active,0
CUST-0779,48,17,1,-13.733037200056675,2,Active,1
CUST-0780,6,9,9,8.12080084715597,4,Cancelled,1
CUST-0781,28,3,0,-9.09841133071787,4,Cancelled,0
CUST-0782,17,20,7,-21.235300821202465,0,Active,0
CUST-0783,5,26,1,-11.641460824908055,2,Cancelled,0
CUST-0784,31,17,6,6.775496182906906,3,Cancelled,0
CUST-0785,5,29,8,-22.956181146776213,0,Cancelled,1
CUST-0786,38,27,8,-21.441718452470525,3,Active,1
CUST-0787,3,10,7,-29.478817289716652,1,Active,1
CUST-0788,23,3,9,-29.432398024169313,3,Cancelled,0
CUST-0789,37,18,8,3.1756650783405007,4,Active,1
CUST-0790,37,18,1,-0.715095726281767,3,Active,0
CUST-0791,10,17,5,-15.79835774192167,0,Active,0
CUST-0792,10,24,3,-2.0675537108970907,0,Active,0
CUST-0793,19,3,3,-14.191762947601191,3,Active,0
CUST-0794,17,3,4,8.115871839913098,0,Active,1
CUST-0795,21,6,2,8.682107257041395,0,Active,0
CUST-0796,14,13,0,-14.288248967626265,3,Cancelled,0
CUST-0797,9,24,7,4.168876253634721,2,Cancelled,0
CUST-0798,46,29,4,0.923561667898646,2,Active,0
CUST-0799,1,15,2,-17.600002513128427,1,Cancelled,0
CUST-0800,45,25,9,-20.718406843955762,0,Active,0
CUST-0801,13,9,6,-11.670613984286646,3,Active,1
CUST-0802,4,4,6,1.2539536245762477,0,Cancelled,0
CUST-0803,1,14,0,8.40671138914982,4,Cancelled,0
CUST-0804,49,5,8,0.5431627546629016,0,Cancelled,0
CUST-0805,40,2,1,4.208279400734803,0,Active,1
CUST-0806,32,11,4,-5.87742775317934,2,Cancelled,0
CUST-0807,34,9,4,3.416313233685038,3,Active,0
CUST-0808,28,24,7,1.3768343201367053,0,Cancelled,0
CUST-0809,31,3,7,-14.920578322948796,2,Cancelled,0
CUST-0810,8,27,6,-7.920387915171155,1,Active,0
CUST-0811,39,28,6,2.190124879587792,2,Active,0
CUST-0812,26,29,5,-28.157730632401744,2,Cancelled,0
CUST-0813,34,9,5,2.323171294233198,2,Active,0
CUST-0814,3,3,8,-22.884475038039064,0,Active,0
CUST-0815,12,25,5,-9.412655315142441,0,Cancelled,0
CUST-0816,1,2,1,2.331017582237507,1,Active,0
CUST-0817,44,12,1,-19.847156873732207,4,Cancelled,0
CUST-0818,5,10,4,-20.16770242775388,4,Active,0
CUST-0819,30,9,3,-13.889424061509924,4,Active,0
CUST-0820,30,15,1,5.78571190310538,1,Cancelled,0
CUST-0821,17,8,2,-29.982288742511685,4,Active,1
CUST-0822,48,25,6,6.055323865677394,4,Active,1
CUST-0823,47,5,7,-23.847719014335688,2,Cancelled,0
CUST-0824,23,11,5,9.60345504269928,0,Active,0
CUST-0825,15,27,4,8.193879721538721,0,Active,0
CUST-0826,37,2,0,-10.21299241634867,2,Active,1
CUST-0827,21,24,7,-9.491190087494875,2,Cancelled,0
CUST-0828,14,28,2,-10.738026388965828,2,Cancelled,0
CUST-0829,2,15,5,-4.582254173619095,0,Cancelled,1
CUST-0830,11,6,2,-26.37113191060276,4,Active,0
CUST-0831,39,8,6,-28.69528206633734,2,Cancelled,1
CUST-0832,38,27,6,-27.691882863364047,1,Active,0
CUST-0833,34,5,8,-12.225386030339426,2,Active,0
CUST-0834,38,16,4,-18.978082431220663,3,Active,1
CUST-0835,34,26,7,-5.118417505160249,2,Cancelled,0
CUST-0836,18,18,9,9.697691574991161,0,Cancelled,0
CUST-0837,30,6,9,-14.547073076941363,2,Active,0
CUST-0838,15,5,7,-7.046349835819466,3,Active,1
CUST-0839,27,28,0,-13.375844163706581,1,Cancelled,0
CUST-0840,34,16,4,3.890866708874377,4,Active,0
CUST-0841,38,13,2,6.089456138489524,2,Cancelled,0
CUST-0842,33,28,0,5.094224488210401,3,Active,0
CUST-0843,24,5,3,8.974889547170307,3,Active,0
CUST-0844,15,13,7,-28.89923259438339,1,Active,0
CUST-0845,30,17,2,3.5926464858212412,0,Active,0
CUST-0846,42,18,9,0.07088692156373,2,Cancelled,1
CUST-0847,17,8,1,-20.85222362398541,3,Active,0
CUST-0848,5,13,8,8.252803735501104,1,Cancelled,0
CUST-0849,29,29,9,-24.072882870802182,4,Active,1
CUST-0850,4,19,4,-2.818002914643664,3,Active,0
CUST-0851,10,26,6,-21.0043913273635,1,Active,1
CUST-0852,17,3,1,-12.744774049037012,0,Active,0
CUST-0853,10,24,8,-1.233604122217244,0,Cancelled,0
CUST-0854,17,8,8,-7.467014318678132,3,Active,0
CUST-0855,20,2,3,-12.899926746875533,3,Active,0
CUST-0856,24,8,3,-16.94646276272051,2,Active,0
CUST-0857,5,27,5,3.586386228351614,1,Active,0
CUST-0858,34,13,9,-24.247425987407453,3,Active,1
CUST-0859,6,13,9,-12.795884938807998,2,Cancelled,0
CUST-0860,2,1,9,6.150302871005685,2,Active,0
CUST-0861,13,6,5,3.8339820183987072,3,Active,0
CUST-0862,43,24,0,-13.96232950107813,0,Active,1
CUST-0863,43,19,8,0.5243345440523299,1,Cancelled,0
CUST-0864,48,16,1,2.9264332283543695,1,Active,0
CUST-0865,11,8,4,5.555496960145192,0,Active,0
CUST-0866,47,28,8,-8.219769238030882,3,Active,0
CUST-0867,23,1,3,-21.821564557811527,1,Active,0
CUST-0868,16,27,2,-19.787636939842734,3,Active,1
CUST-0869,31,27,6,-18.172213038335833,3,Active,0
CUST-0870,11,16,5,-6.247900767615381,2,Cancelled,1
CUST-0871,16,9,7,-28.68761503485566,0,Active,0
CUST-0872,8,13,2,-4.558301248801268,3,Cancelled,0
CUST-0873,4,11,4,-15.42583046287072,4,Active,1
CUST-0874,40,13,9,-18.190327900414314,0,Active,0
CUST-0875,4,25,3,5.179862829125057,1,Active,1
CUST-0876,25,21,3,-11.599904176768042,2,Active,0
CUST-0877,3,10,3,-26.19787817869229,1,Cancelled,1
CUST-0878,32,4,9,3.069870721049881,1,Active,0
CUST-0879,3,27,7,-28.094349702539738,0,Active,0
CUST-0880,27,6,5,-0.9300310332721331,1,Active,0
CUST-0881,29,28,2,0.9562488708266059,3,Cancelled,0
CUST-0882,32,7,9,-15.895895762845672,1,Active,0
CUST-0883,19,5,4,2.991514251111468,2,Cancelled,0
CUST-0884,21,11,5,-9.373623765741861,2,Active,0
CUST-0885,5,13,4,-11.468253869088127,4,Active,0
CUST-0886,18,26,5,-28.183868741252297,2,Active,1
CUST-0887,28,25,7,-18.398832254043764,1,Active,0
CUST-0888,42,19,6,7.240398835411995,2,Active,0
CUST-0889,22,23,4,-14.32704146866,0,Active,0
CUST-0890,21,10,9,-8.131979177729267,2,Cancelled,0
CUST-0891,6,10,5,-8.719132840629928,3,Cancelled,0
CUST-0892,1,11,3,-6.382756407092266,0,Cancelled,0
CUST-0893,5,21,8,-27.546761774268695,4,Active,1
CUST-0894,41,7,3,-15.51294980805087,3,Active,1
CUST-0895,12,18,0,-1.0748690446978344,1,Active,0
CUST-0896,26,4,6,-21.97758995708068,1,Cancelled,0
CUST-0897,46,2,6,-21.85686489814558,1,Cancelled,0
CUST-0898,34,14,3,-29.59637573243901,3,Active,0
CUST-0899,49,13,2,-12.500722935671611,3,Active,0
CUST-0900,14,29,7,5.309375226936879,3,Active,0
CUST-0901,26,12,4,-27.92396225650764,0,Active,0
CUST-0902,45,7,9,-22.355251620159894,0,Active,0
CUST-0903,27,2,6,-17.596618466289797,1,Active,0
CUST-0904,9,13,3,-0.7310105374314837,2,Cancelled,1
CUST-0905,26,14,3,-4.374576287896538,1,Active,0
CUST-0906,47,27,7,-13.362243816725798,4,Active,1
CUST-0907,22,17,7,0.3627575703350274,0,Cancelled,1
CUST-0908,47,9,1,-5.614759533723923,3,Active,0
CUST-0909,30,17,1,5.8416319862887605,0,Active,0
CUST-0910,43,8,2,2.72106996554772,3,Active,0
CUST-0911,48,2,2,-19.887455756431976,4,Active,1
CUST-0912,17,28,0,-19.14245689463199,4,Active,1
CUST-0913,26,24,2,-24.985740968304576,0,Cancelled,0
CUST-0914,36,13,5,-16.52141097130174,3,Active,0
CUST-0915,1,3,7,9.981756748763772,4,Active,1
CUST-0916,8,16,9,-13.76995325539756,1,Active,0
CUST-0917,49,6,5,-21.180462612435743,1,Active,1
CUST-0918,35,19,4,0.4993153790221214,3,Cancelled,1
CUST-0919,15,7,3,-8.301159861493758,0,Cancelled,0
CUST-0920,47,10,2,-24.015942018921898,4,Active,0
CUST-0921,22,9,3,-14.77241275356537,0,Cancelled,0
CUST-0922,14,2,6,-13.421211378426268,1,Active,0
CUST-0923,26,28,0,0.1531880227687452,4,Cancelled,0
CUST-0924,28,28,6,-29.17314524432382,0,Active,1
CUST-0925,23,15,0,-19.23921412806758,2,Cancelled,1
CUST-0926,14,5,1,-9.296147947379119,3,Cancelled,1
CUST-0927,24,29,3,-19.246130301886268,3,Active,0
CUST-0928,2,22,0,-4.8626381032400445,2,Active,1
CUST-0929,45,4,8,-10.725300829015335,1,Cancelled,0
CUST-0930,26,20,5,-15.531589805616775,4,Cancelled,0
CUST-0931,14,4,0,7.9683450748204905,3,Active,0
CUST-0932,7,18,0,-4.713620032541705,2,Cancelled,0
CUST-0933,3,4,5,-24.80234510928235,2,Active,1
CUST-0934,47,27,3,-7.596332102264181,1,Active,0
CUST-0935,23,17,3,1.2292741280360389,1,Active,0
CUST-0936,46,12,5,-1.6604121002881058,0,Active,0
CUST-0937,43,22,6,-23.116430828189625,3,Cancelled,0
CUST-0938,47,17,8,8.896799961604131,0,Active,0
CUST-0939,45,10,9,-12.047454170135762,2,Cancelled,0
CUST-0940,18,22,4,-23.63899985038955,4,Active,0
CUST-0941,38,1,8,-22.792169834874084,4,Active,0
CUST-0942,35,22,3,-26.07060031243678,1,Active,1
CUST-0943,15,26,9,2.140724337397373,4,Active,0
CUST-0944,25,24,1,-25.118780227126052,4,Active,0
CUST-0945,37,27,2,-24.994989714330124,4,Active,0
CUST-0946,28,18,0,4.018864590433509,2,Active,0
CUST-0947,10,18,5,-16.215836622097616,4,Active,0
CUST-0948,39,14,5,-28.7656838276771,4,Active,0
CUST-0949,17,15,0,-27.924188019263564,4,Active,1
CUST-0950,39,29,2,-24.31318213184418,0,Cancelled,0
CUST-0951,22,12,4,-21.46426608097242,2,Cancelled,1
CUST-0952,26,4,2,-3.394152230463785,1,Active,1
CUST-0953,44,27,9,-23.70694879992687,0,Active,0
CUST-0954,25,3,2,-25.24502435291712,3,Active,0
CUST-0955,17,20,9,0.5887656590511661,2,Cancelled,0
CUST-0956,13,29,2,-3.157788645603425,2,Active,1
CUST-0957,20,12,4,-12.587031141790554,3,Active,1
CUST-0958,25,7,4,-8.027609140795843,3,Active,0
CUST-0959,4,29,3,-17.52063918694326,3,Active,1
CUST-0960,10,11,0,-10.699983190585574,1,Active,0
CUST-0961,3,1,4,-9.733094040690169,4,Cancelled,1
CUST-0962,41,6,9,-14.510509152876164,2,Active,1
CUST-0963,45,15,4,6.262888426886512,4,Active,0
CUST-0964,18,15,3,-29.357525400759755,4,Active,0
CUST-0965,47,19,5,1.2868505236498464,3,Active,0
CUST-0966,36,11,9,-25.024686750347026,1,Cancelled,0
CUST-0967,47,26,3,1.9018944214879774,0,Active,1
CUST-0968,22,23,6,-5.363523372931152,1,Cancelled,0
CUST-0969,34,26,6,3.7311236374560934,4,Active,0
CUST-0970,47,2,1,-26.0994269743641,1,Active,0
CUST-0971,8,14,2,-7.640774636009038,3,Cancelled,1
CUST-0972,40,2,0,-9.956484789512118,0,Active,0
CUST-0973,49,29,7,-1.752272681465655,3,Cancelled,0
CUST-0974,44,4,8,-8.628377924252966,0,Active,0
CUST-0975,19,17,3,-8.370617314675833,4,Cancelled,1
CUST-0976,42,3,5,-12.816162256957412,0,Active,1
CUST-0977,41,13,8,-17.646623039706366,0,Active,0
CUST-0978,37,9,5,-10.70942554991231,0,Cancelled,0
CUST-0979,6,7,8,-25.260305649263977,1,Cancelled,0
CUST-0980,26,15,3,8.460533559323395,1,Cancelled,0
CUST-0981,34,23,7,-1.423569454936068,4,Cancelled,0
CUST-0982,45,29,8,8.098684667513872,0,Cancelled,1
CUST-0983,6,29,3,-20.93090470680147,2,Active,0
CUST-0984,37,11,4,5.173640807061119,4,Active,1
CUST-0985,33,20,7,2.3515993825415364,0,Active,0
CUST-0986,22,2,9,-2.913903501693053,0,Active,0
CUST-0987,21,15,5,-4.998832556591772,1,Active,0
CUST-0988,6,14,6,-17.3380133892852,4,Active,0
CUST-0989,6,20,2,2.656431398601228,0,Active,0
CUST-0990,48,22,6,-9.939381540810647,0,Active,0
CUST-0991,4,11,7,-27.164336964348585,4,Active,0
CUST-0992,30,27,9,-17.4854735657948,2,Active,0
CUST-0993,11,3,5,7.411883941813102,4,Active,0
CUST-0994,30,17,9,4.0272104241938536,4,Cancelled,1
CUST-0995,31,12,8,9.276227923061569,2,Cancelled,0
CUST-0996,24,24,5,-4.880264695836075,4,Active,1
CUST-0997,9,28,8,-20.09959707438352,0,Active,0
CUST-0998,3,29,3,-23.48739801292545,4,Active,1
CUST-0999,31,21,7,-22.523422375661536,2,Active,0
CUST-1000,40,15,3,-29.208173666109825,3,Active,1
